shard,gold_dataset,gold_scan,atlas_bdmap_id,match_type,corr32
shard01,AMOS,amos_0038.nii.gz,BDMAP_00000089,exact,1.0000
shard01,AMOS,amos_0044.nii.gz,BDMAP_00000071,shape+corr,1.0000
shard01,AMOS,amos_0058.nii.gz,BDMAP_00000485,shape+corr,1.0000
shard01,AMOS,amos_0059.nii.gz,BDMAP_00000050,exact,1.0000
shard01,AMOS,amos_0064.nii.gz,BDMAP_00000342,exact,1.0000
shard01,AMOS,amos_0078.nii.gz,BDMAP_00000479,exact,1.0000
shard01,AMOS,amos_0103.nii.gz,BDMAP_00000291,shape+corr,1.0000
shard01,AMOS,amos_0115.nii.gz,BDMAP_00000257,shape+corr,1.0000
shard01,AMOS,amos_0135.nii.gz,BDMAP_00000420,exact,1.0000
shard01,AMOS,amos_0152.nii.gz,BDMAP_00000272,exact,1.0000
shard01,AMOS,amos_0159.nii.gz,BDMAP_00000076,exact,1.0000
shard01,AMOS,amos_0214.nii.gz,BDMAP_00000195,shape+corr,1.0000
shard01,AMOS,amos_0231.nii.gz,BDMAP_00000160,shape+corr,1.0000
shard01,AMOS,amos_0288.nii.gz,BDMAP_00000151,shape+corr,1.0000
shard01,AMOS,amos_0332.nii.gz,BDMAP_00000326,shape+corr,1.0000
shard01,AMOS,amos_0348.nii.gz,BDMAP_00000254,shape+corr,1.0000
shard01,AMOS,amos_0350.nii.gz,BDMAP_00000484,shape+corr,1.0000
shard01,AMOS,amos_0362.nii.gz,BDMAP_00000443,shape+corr,1.0000
shard01,AMOS,amos_0376.nii.gz,BDMAP_00000384,shape+corr,1.0000
shard01,AMOS,amos_0390.nii.gz,BDMAP_00000478,shape+corr,1.0000
shard01,AMOS,amos_0404.nii.gz,BDMAP_00000314,shape+corr,1.0000
shard01,BTCV,img0009.nii.gz,BDMAP_00000220,exact,1.0000
shard01,BTCV,img0023.nii.gz,BDMAP_00000495,exact,1.0000
shard01,BTCV,img0034.nii.gz,BDMAP_00000020,exact,1.0000
shard01,BTCV,img0040.nii.gz,BDMAP_00000109,exact,1.0000
shard01,FLARE,FLARE22_Tr_0014_0000.nii.gz,BDMAP_00000338,shape+corr,1.0000
shard01,FLARE,FLARE22_Tr_0017_0000.nii.gz,BDMAP_00000438,shape+corr,1.0000
shard01,FLARE,FLARE22_Tr_0021_0000.nii.gz,BDMAP_00000332,shape+corr,1.0000
shard01,FLARE,FLARE22_Tr_0030_0000.nii.gz,BDMAP_00000243,shape+corr,1.0000
shard02,AMOS,amos_0004.nii.gz,BDMAP_00000523,exact,1.0000
shard02,AMOS,amos_0010.nii.gz,BDMAP_00000643,exact,1.0000
shard02,AMOS,amos_0014.nii.gz,BDMAP_00000960,exact,1.0000
shard02,AMOS,amos_0077.nii.gz,BDMAP_00000975,shape+corr,1.0000
shard02,AMOS,amos_0083.nii.gz,BDMAP_00000802,exact,1.0000
shard02,AMOS,amos_0097.nii.gz,BDMAP_00000548,exact,1.0000
shard02,AMOS,amos_0133.nii.gz,BDMAP_00000845,shape+corr,1.0000
shard02,AMOS,amos_0143.nii.gz,BDMAP_00000531,shape+corr,1.0000
shard02,AMOS,amos_0147.nii.gz,BDMAP_00000694,exact,1.0000
shard02,AMOS,amos_0166.nii.gz,BDMAP_00000700,exact,1.0000
shard02,AMOS,amos_0181.nii.gz,BDMAP_00000597,exact,1.0000
shard02,AMOS,amos_0239.nii.gz,BDMAP_00000766,shape+corr,1.0000
shard02,AMOS,amos_0279.nii.gz,BDMAP_00000729,shape+corr,1.0000
shard02,AMOS,amos_0361.nii.gz,BDMAP_00000752,shape+corr,1.0000
shard02,AMOS,amos_0391.nii.gz,BDMAP_00000865,shape+corr,1.0000
shard02,AMOS,amos_0405.nii.gz,BDMAP_00000551,shape+corr,1.0000
shard02,AMOS,amos_0410.nii.gz,BDMAP_00000822,shape+corr,1.0000
shard02,BTCV,img0028.nii.gz,BDMAP_00000821,exact,1.0000
shard02,BTCV,img0037.nii.gz,BDMAP_00000580,exact,1.0000
shard02,FLARE,FLARE22_Tr_0005_0000.nii.gz,BDMAP_00000683,shape+corr,1.0000
shard02,FLARE,FLARE22_Tr_0035_0000.nii.gz,BDMAP_00000618,shape+corr,1.0000
shard02,FLARE,FLARE22_Tr_0036_0000.nii.gz,BDMAP_00000676,shape+corr,1.0000
shard02,FLARE,FLARE22_Tr_0046_0000.nii.gz,BDMAP_00000993,shape+corr,1.0000
shard02,FLARE,FLARE22_Tr_0048_0000.nii.gz,BDMAP_00000696,shape+corr,1.0000
shard02,FLARE,FLARE22_Tr_0049_0000.nii.gz,BDMAP_00000558,shape+corr,1.0000
shard03,AMOS,amos_0001.nii.gz,BDMAP_00001036,shape+corr,1.0000
shard03,AMOS,amos_0019.nii.gz,BDMAP_00001260,exact,1.0000
shard03,AMOS,amos_0027.nii.gz,BDMAP_00001231,exact,1.0000
shard03,AMOS,amos_0049.nii.gz,BDMAP_00001253,shape+corr,1.0000
shard03,AMOS,amos_0069.nii.gz,BDMAP_00001196,exact,1.0000
shard03,AMOS,amos_0079.nii.gz,BDMAP_00001449,shape+corr,1.0000
shard03,AMOS,amos_0118.nii.gz,BDMAP_00001181,exact,1.0000
shard03,AMOS,amos_0141.nii.gz,BDMAP_00001400,exact,1.0000
shard03,AMOS,amos_0161.nii.gz,BDMAP_00001365,exact,1.0000
shard03,AMOS,amos_0198.nii.gz,BDMAP_00001217,exact,1.0000
shard03,AMOS,amos_0199.nii.gz,BDMAP_00001053,corr-only,0.9985
shard03,AMOS,amos_0282.nii.gz,BDMAP_00001100,shape+corr,1.0000
shard03,AMOS,amos_0294.nii.gz,BDMAP_00001285,shape+corr,1.0000
shard03,AMOS,amos_0317.nii.gz,BDMAP_00001070,shape+corr,1.0000
shard03,AMOS,amos_0336.nii.gz,BDMAP_00001151,shape+corr,1.0000
shard03,AMOS,amos_0392.nii.gz,BDMAP_00001442,shape+corr,1.0000
shard03,BTCV,img0025.nii.gz,BDMAP_00001417,exact,1.0000
shard03,BTCV,img0030.nii.gz,BDMAP_00001074,exact,1.0000
shard03,BTCV,img0036.nii.gz,BDMAP_00001447,exact,1.0000
shard03,FLARE,FLARE22_Tr_0034_0000.nii.gz,BDMAP_00001288,shape+corr,1.0000
shard03,FLARE,FLARE22_Tr_0037_0000.nii.gz,BDMAP_00001464,shape+corr,1.0000
shard03,FLARE,FLARE22_Tr_0047_0000.nii.gz,BDMAP_00001441,shape+corr,1.0000
shard04,AMOS,amos_0006.nii.gz,BDMAP_00001971,exact,1.0000
shard04,AMOS,amos_0009.nii.gz,BDMAP_00001627,exact,1.0000
shard04,AMOS,amos_0017.nii.gz,BDMAP_00001771,exact,1.0000
shard04,AMOS,amos_0021.nii.gz,BDMAP_00001931,exact,1.0000
shard04,AMOS,amos_0023.nii.gz,BDMAP_00001561,exact,1.0000
shard04,AMOS,amos_0036.nii.gz,BDMAP_00001556,exact,1.0000
shard04,AMOS,amos_0054.nii.gz,BDMAP_00001855,shape+corr,1.0000
shard04,AMOS,amos_0088.nii.gz,BDMAP_00001989,exact,1.0000
shard04,AMOS,amos_0089.nii.gz,BDMAP_00001655,exact,1.0000
shard04,AMOS,amos_0105.nii.gz,BDMAP_00001886,shape+corr,1.0000
shard04,AMOS,amos_0109.nii.gz,BDMAP_00001700,shape+corr,1.0000
shard04,AMOS,amos_0138.nii.gz,BDMAP_00001967,exact,1.0000
shard04,AMOS,amos_0153.nii.gz,BDMAP_00001640,exact,1.0000
shard04,AMOS,amos_0193.nii.gz,BDMAP_00001740,exact,1.0000
shard04,AMOS,amos_0235.nii.gz,BDMAP_00001901,shape+corr,1.0000
shard04,AMOS,amos_0249.nii.gz,BDMAP_00001775,shape+corr,1.0000
shard04,AMOS,amos_0272.nii.gz,BDMAP_00001759,shape+corr,1.0000
shard04,AMOS,amos_0374.nii.gz,BDMAP_00001764,shape+corr,1.0000
shard04,FLARE,FLARE22_Tr_0002_0000.nii.gz,BDMAP_00001584,shape+corr,1.0000
shard04,FLARE,FLARE22_Tr_0008_0000.nii.gz,BDMAP_00001628,shape+corr,1.0000
shard04,FLARE,FLARE22_Tr_0024_0000.nii.gz,BDMAP_00001618,shape+corr,1.0000
shard04,FLARE,FLARE22_Tr_0025_0000.nii.gz,BDMAP_00001649,shape+corr,1.0000
shard04,FLARE,FLARE22_Tr_0027_0000.nii.gz,BDMAP_00001597,shape+corr,1.0000
shard05,AMOS,amos_0016.nii.gz,BDMAP_00002162,exact,1.0000
shard05,AMOS,amos_0045.nii.gz,BDMAP_00002372,shape+corr,1.0000
shard05,AMOS,amos_0060.nii.gz,BDMAP_00002046,shape+corr,1.0000
shard05,AMOS,amos_0066.nii.gz,BDMAP_00002135,exact,1.0000
shard05,AMOS,amos_0071.nii.gz,BDMAP_00002014,exact,1.0000
shard05,AMOS,amos_0084.nii.gz,BDMAP_00002009,exact,1.0000
shard05,AMOS,amos_0086.nii.gz,BDMAP_00002217,exact,1.0000
shard05,AMOS,amos_0099.nii.gz,BDMAP_00002357,shape+corr,1.0000
shard05,AMOS,amos_0104.nii.gz,BDMAP_00002061,exact,1.0000
shard05,AMOS,amos_0129.nii.gz,BDMAP_00002467,exact,1.0000
shard05,AMOS,amos_0175.nii.gz,BDMAP_00002380,exact,1.0000
shard05,AMOS,amos_0177.nii.gz,BDMAP_00002207,exact,1.0000
shard05,AMOS,amos_0195.nii.gz,BDMAP_00002077,exact,1.0000
shard05,AMOS,amos_0224.nii.gz,BDMAP_00002234,shape+corr,1.0000
shard05,AMOS,amos_0225.nii.gz,BDMAP_00002194,shape+corr,1.0000
shard05,AMOS,amos_0264.nii.gz,BDMAP_00002023,shape+corr,1.0000
shard05,AMOS,amos_0281.nii.gz,BDMAP_00002365,shape+corr,1.0000
shard05,AMOS,amos_0337.nii.gz,BDMAP_00002448,shape+corr,1.0000
shard05,AMOS,amos_0383.nii.gz,BDMAP_00002110,shape+corr,1.0000
shard05,AMOS,amos_0400.nii.gz,BDMAP_00002098,shape+corr,1.0000
shard05,BTCV,img0001.nii.gz,BDMAP_00002109,exact,1.0000
shard05,BTCV,img0007.nii.gz,BDMAP_00002019,exact,1.0000
shard05,BTCV,img0008.nii.gz,BDMAP_00002367,exact,1.0000
shard05,FLARE,FLARE22_Tr_0016_0000.nii.gz,BDMAP_00002171,shape+corr,1.0000
shard05,FLARE,FLARE22_Tr_0018_0000.nii.gz,BDMAP_00002298,shape+corr,1.0000
shard05,FLARE,FLARE22_Tr_0026_0000.nii.gz,BDMAP_00002216,shape+corr,1.0000
shard05,FLARE,FLARE22_Tr_0028_0000.nii.gz,BDMAP_00002227,shape+corr,1.0000
